outlet,Probability_con,label,Drives_zscore,Cognition_zscore,emo_pos_zscore,emo_neg_zscore,emo_anx_zscore,emo_anger_zscore,emo_sad_zscore,Social_zscore,Lifestyle_zscore,Physical_zscore,focuspast_zscore,focuspresent_zscore,focusfuture_zscore,Moral_zscore,Affect_zscore,Moral-Emotional_zscore
Daily Caller,0.999891519546508,0,-0.9535509059374359,0.005567474956818005,-0.5063547710043653,0.5354799160073294,-0.4628691283373618,0.6485929121301026,-0.26037696319299514,0.25657628332535026,-0.29863464812034474,-0.2178651084137919,0.29221815958015007,-0.5658338660235221,-0.7483670703527106,0.023331783734745107,-1.5823582318966034,0.359186674826251
NYTimes,2.3444998078e-05,1,-1.6205712728007056,-0.4695877153233042,-0.5063547710043653,-0.3771856221298738,-0.4628691283373618,-0.556864502780038,1.5336078549788372,-1.5884699202212582,-0.55810083706645,-0.5542342506928263,-0.6838507445844737,-0.07419435419040438,-0.558604571296332,-0.16990203064788692,0.31299773251372554,1.2255367951408502
HuffPost,3.92861693399e-05,1,0.9919251640804337,0.7183002603770017,-0.5063547710043653,-0.9114288639662853,-0.4628691283373618,-0.556864502780038,-0.26037696319299514,0.7433544306440297,0.7168623327549292,-0.751133260807383,-0.889909735463672,-0.008153225735209222,1.0227495875068222,-0.06971494424812189,-0.47221682753371497,-0.38197311978670395
FoxNews,0.999970912933349,0,-0.1679491405206964,1.145939931629112,-0.5063547710043653,0.7135609966194665,0.45269618046181537,-0.556864502780038,1.5336078549788372,0.33770597454512985,-1.510968048196112,-0.3573352405782696,0.12954000888604575,0.13126693433686892,-0.8622245697865376,-0.48777533149541474,0.617208192145422,0.9867380995931953
CNN,2.78073130175e-05,1,-0.1679491405206964,0.6232692223209769,-0.5063547710043653,0.7135609966194665,1.3682614892609926,0.31983179897279146,-0.26037696319299514,0.40313314488366203,-1.0770332149586601,-0.15223210504227302,-0.5265951989135066,1.9070394994654436,-0.558604571296332,-0.725825220780695,1.6754901508826228,-0.6855179466653106
Breitbart,0.999970555305481,0,0.4397805270658383,0.6103104444042465,0.343233770949268,-0.9114288639662853,-0.4628691283373618,-0.556864502780038,-0.26037696319299514,1.1333003658616814,-0.6117834968484026,0.6681804371017133,-0.7543446098852521,0.5421895113914152,0.7191295890166166,1.390402941021491,-0.2318040393277399,0.4727815177191913
Daily Caller,0.999963760375976,0,-0.05677907937681788,0.9558778555170624,-0.5063547710043653,0.9806826175376722,2.779758006993058,-0.556864502780038,-0.26037696319299514,0.34817432179929525,-0.5402066171391323,-0.751133260807383,0.9971568125879338,-0.1402354826455992,-0.09052374029059838,-0.6527338463240875,0.34891135753598995,-1.521645969794564
CNN,0.0001117585561587,1,-1.2907667580738666,-0.4350309742120225,0.343233770949268,-0.35492548705335664,-0.4628691283373618,-0.556864502780038,-0.26037696319299514,-1.9653304213712035,1.2939509254109216,-0.3409269897353899,-0.6079342742605585,0.18997015963037558,0.415509590526411,-1.173194840299583,-1.0898289903387222,1.5970154498082254
Breitbart,0.999980330467224,0,2.3333772352165645,-0.016030488237733318,-0.5063547710043653,-0.9114288639662853,-0.4628691283373618,-0.556864502780038,-0.26037696319299514,0.518284964679479,0.10845885522613066,-0.751133260807383,-0.7923028450472098,-0.5878475755085871,0.36490625744471,-0.018575549715732352,-1.3891535245801783,-1.2436098397201827
Daily Caller,0.999928951263427,0,0.38419549649389906,-1.9944039168586059,0.3772173126274133,-0.33266535197683944,-0.4628691283373618,0.39288982411886064,-0.26037696319299514,1.7221448989084711,0.1397737400989366,-0.5378259998499465,1.550262524947887,-1.4390443422644328,0.13719125857705589,1.6927125719063516,0.6926698782065791,0.25835853305276385
NYTimes,3.07428090309e-05,1,0.9178117899845145,-0.2665668612945247,-0.5063547710043653,-0.3994457572063909,-0.4628691283373618,0.283302786399757,-0.26037696319299514,-0.853068525616156,0.22477128475369496,-0.751133260807383,0.14580782395545627,-0.13289757948391104,-0.5839062378371824,0.8867974667039628,2.081056024987157,1.142866943418257
Daily Caller,0.999960899353027,0,2.863287860002384,-0.7287632736579166,-0.5063547710043653,-0.9114288639662853,-0.4628691283373618,-0.556864502780038,-0.26037696319299514,1.0600219350825257,1.1686913859196983,-0.751133260807383,-1.0634330962040497,0.6375822524933633,-1.1658445682767433,0.6710515295453281,-0.165450109782891,-1.521645969794564
Breitbart,0.999634027481079,0,-0.23465117720702325,0.4893618505147604,0.343233770949268,-0.35492548705335664,-0.4628691283373618,0.35636081154582605,-0.26037696319299514,0.10740233495349674,-0.6923074865213319,-0.5460301252713864,-0.7163863747232946,-0.14757338580728768,2.351087080901472,0.49184516225957936,0.4787831258127077,-0.3560058902928539
Breitbart,0.999968528747558,0,0.654709311944003,0.027165438151369327,0.27526668759297734,-0.9114288639662853,-0.4628691283373618,-0.556864502780038,-0.26037696319299514,1.9812364934490592,0.3231894943539416,-0.1850486067280325,-0.3584944431962658,0.19730806279206375,1.4655287519717057,-0.143620064306996,-0.2892699136448726,0.33920554280487497
Daily Caller,6.13694792264e-05,0,-0.30876455130294217,0.5368773695427732,-0.5063547710043653,0.0680170794004692,-0.4628691283373618,1.0504120504334826,-0.26037696319299514,1.5258633878928745,-1.0636125500131721,2.1531271383823283,1.474346054623972,-1.0281217652098866,-0.052571240479322656,-1.3457029192071872,0.07349892622586687,1.5342909642973086
FoxNews,0.99998128414154,0,1.0512158633571689,0.47640307259803005,0.3092502292711226,-0.3771856221298738,0.45269618046181537,-0.556864502780038,-0.26037696319299514,0.9317846812190022,-1.085980324922319,0.036462779650843796,-1.323718137314616,0.28536290073232373,0.048635425684079164,2.0241586898016277,0.16413645309679376,0.9332417568811345
CNN,2.11021379072e-05,1,-1.0054302678045792,-1.3810217621333571,-0.5063547710043653,0.26835829508912357,1.559004261927488,-0.556864502780038,-0.26037696319299514,-0.9839228662932205,-0.8667761308126785,2.719211792461679,-0.07109637697001535,-0.8373362830059901,-1.1658445682767433,0.2363974895934898,-0.6050765262791232,-0.30999378189147075
FoxNews,0.999505400657653,0,-0.5681613606386579,-0.9965780172703492,-0.5063547710043653,-0.9114288639662853,-0.4628691283373618,-0.556864502780038,-0.26037696319299514,-0.6018281915161926,-0.8846703507399961,0.4220566744585173,0.5958840408758106,-0.25764193323261253,-0.8622245697865376,-0.19541855257413093,-0.5355880471199241,0.11107683659967527
FoxNews,0.89291375875473,0,-0.5829840354578416,0.4116091830143769,-0.5063547710043653,-0.9114288639662853,-0.4628691283373618,-0.556864502780038,-0.26037696319299514,0.4450065339003227,1.5086815645387326,0.21695353892252076,0.9917342075647971,-1.571126599174823,-0.7989704034344116,-1.1333106194984388,-0.43969039148231914,0.17110341036416915
Breitbart,0.999907374382019,0,-0.19388882145426778,-1.8173006186632876,-0.5063547710043653,-0.9114288639662853,-0.4628691283373618,-0.556864502780038,-0.26037696319299514,0.30106675915555214,0.5781821283182175,5.828575327187386,-0.9170227605793562,0.35140402918751856,-1.1658445682767433,-0.5024147631894293,-2.361449941269979,0.9405349467999568
HuffPost,4.31295993621e-05,1,-1.8614397386124417,-1.3378258357442552,-0.5063547710043653,1.270064373532395,-0.4628691283373618,3.022978729377349,-0.26037696319299514,-0.1307525650787605,-0.7370430363396259,0.4548731761442768,0.02651051344644686,0.15328064382193377,-0.5459537380259069,0.5052661184152389,0.32208816879387125,2.4281025839091472
FoxNews,0.874179661273956,0,0.03215696953828448,2.3165495367737763,-0.5063547710043653,1.3368447787619466,0.49084473499511444,1.26958612587169,-0.26037696319299514,1.2118129702679201,1.8934072929760613,-0.5460301252713864,-1.269492087083248,2.2445830449031066,-0.20438123972442546,-0.3918358295164603,1.5549413803239764,0.5079477454587285
Breitbart,0.99998128414154,0,-1.009135936509375,-1.3075886872718838,-0.5063547710043653,0.15705761970653773,-0.4628691283373618,-0.556864502780038,1.5336078549788372,-0.10458169694334774,0.07267041537149543,-0.751133260807383,0.4711641253436645,-1.6518435339533943,0.3396045909038595,0.2843318509726377,-0.9784542069745646,-0.9748195667029066
Breitbart,0.354722321033477,0,0.5991242813720637,-0.6380518282408023,-0.5063547710043653,-0.33266535197683944,-0.4628691283373618,0.39288982411886064,-0.26037696319299514,-0.0051323980287785766,0.7347565526822467,0.10209578302236276,-0.1090546121319731,0.0945774185284271,0.14984209184748112,0.9522414858132092,0.3418233646559481,-1.2234414157769633
FoxNews,0.99994933605194,0,0.7251170173351257,-0.5559795681015083,2.008427313178389,-0.9114288639662853,-0.4628691283373618,-0.556864502780038,-0.26037696319299514,0.42930401301907534,0.6139705681728528,0.0610751559151634,0.4603189152973906,0.36607983551089524,2.287832914549346,-0.6888864448571166,0.22592769782304586,-0.6711019462665305
Daily Caller,0.999976396560669,0,1.1253292374530874,-0.5214228269902267,0.4112008543055587,-0.9114288639662853,-0.4628691283373618,-0.556864502780038,-0.26037696319299514,0.3324718009180474,-0.003380019319604328,-0.5296218744285067,-0.7597672149083889,0.56420322087648,0.5420179232306634,-0.21828489079509733,0.5351192351783849,0.33992208170075455
FoxNews,1.96122455236e-05,0,-0.508870661361923,-0.016030488237733318,-0.5063547710043653,-0.3994457572063909,0.4145476259285164,-0.556864502780038,-0.26037696319299514,0.7799936460336079,-0.4775768473935207,-0.5624383761142662,0.688068326269136,-0.11088386999884588,-0.5712554045667573,0.23277053665664182,-0.581188979197172,-0.17693851826659826
FoxNews,0.999969244003295,0,-1.6613336285534608,1.2755277107964174,-0.5063547710043653,-0.9114288639662853,-0.4628691283373618,-0.556864502780038,-0.26037696319299514,-1.0572012970723763,1.620520439084468,0.6763845625231532,-1.0146296509958184,-0.1769249984540407,0.7191295890166166,-1.0385979661319498,0.5016637599259754,0.7633556748862076
CNN,2.81187622022e-05,1,1.2253822924825777,-0.5602991607404184,-0.5063547710043653,-0.9114288639662853,-0.4628691283373618,-0.556864502780038,-0.26037696319299514,-0.3584391178568524,0.3589779342085769,0.23336178976540048,3.480709913184587,-0.6832403166105353,-0.40679457205122926,1.443769822793041,0.6729072426052736,0.497774343377258
FoxNews,0.729935407638549,0,0.9956308327852296,-0.6510106061575327,-0.5063547710043653,-0.9114288639662853,-0.4628691283373618,-0.556864502780038,-0.26037696319299514,-0.6777237091088897,1.0702731763194517,-0.48860124732130744,0.04277832851585739,-0.6098612849936521,0.845637921720869,-0.21534045820226072,-0.1222826580339062,-0.05997031454638802
CNN,1.69835075212e-05,1,0.44348619577063414,0.68374351926572,1.8724931464658077,3.2512163953424214,0.4145476259285164,-0.556864502780038,8.485299025394687,1.5677367769095352,-0.7951992511034081,1.7429208673103351,2.8408425204544447,-0.631874994478717,-0.5712554045667573,-0.22045701319964953,0.6788931150590652,-0.17378932048784404
HuffPost,0.0256972461938858,1,-0.4384629559708,-0.4307113815731124,1.5326577296843547,-0.9114288639662853,-0.4628691283373618,-0.556864502780038,-0.26037696319299514,0.345557234985754,-0.446261962520715,-0.5050094981641872,0.5579258057138529,-0.24296612690923586,-0.027269573938472163,-0.07190074946559179,-0.804044059159329,-1.1770143594628455
CNN,5.56971353944e-05,1,1.6515341935341112,-0.6942065325466349,-0.5063547710043653,1.1365035630732925,3.046797888726151,-0.556864502780038,-0.26037696319299514,-0.5756573233807794,0.8197540973370051,-0.751133260807383,0.12411740386290908,-0.991432249401445,0.5799704230419389,1.540452424746881,-0.7368865114106978,0.5430528257353708
CNN,0.813609480857849,1,0.28414244146440876,-0.9231449424088758,-0.5063547710043653,-0.3771856221298738,-0.4628691283373618,0.31983179897279146,-0.26037696319299514,-0.25898981894228373,-0.26284620826570954,-0.751133260807383,-0.9604036007644505,0.24133548176219374,0.6179229228532146,0.9042629164297868,0.7561247903465834,-0.986264770488546
Breitbart,0.999831199645996,0,-0.5162819987715148,-0.2752060465723453,2.925982938488313,0.22383802493608923,-0.4628691283373618,0.35636081154582605,-0.26037696319299514,-0.22235060355270553,0.32766304933577134,-0.5460301252713864,-0.5808212491448747,0.4101072544810252,-0.20438123972442546,-0.13039916859371609,0.23289257787545617,-0.06459587041742637
Breitbart,0.999968528747558,0,1.2068539489585983,-0.2752060465723453,-0.5063547710043653,-0.9114288639662853,-0.4628691283373618,-0.556864502780038,-0.26037696319299514,0.7067152152544516,1.459472459738609,0.5369144303586755,-0.380184863288813,-1.2335830537371597,-0.8369229032456872,0.09145862685711864,-2.023571599595836,3.6009149816805555
NYTimes,1.77509136847e-05,1,-0.44216862467559587,0.45912470204238964,-0.5063547710043653,0.20157788985957206,0.49084473499511444,0.35636081154582605,-0.26037696319299514,-0.24590438487457708,0.9808020766828637,-0.5460301252713864,-1.0037844409495449,0.9457741852842727,-0.8495737365161125,-0.027525608367216087,-0.6564527581940737,-0.943219045921228
CNN,2.11958849831e-05,1,-0.8090298264503942,-0.3443195287949083,-0.5063547710043653,1.2255441033793608,1.3682614892609926,-0.556864502780038,-0.26037696319299514,-2.5829629093669473,-0.5446801721209616,-0.3573352405782696,0.503699755482485,2.2299072385797296,-1.1658445682767433,2.803722176122207,-0.002949558247052026,-0.9682471339734395
NYTimes,2.84643556369e-05,1,0.6621206493535947,0.23450588481905849,-0.5063547710043653,-0.9114288639662853,-0.4628691283373618,-0.556864502780038,-0.26037696319299514,0.2984496723420109,-0.9115116806309725,0.200545288079641,-0.8573741053248515,0.3734177386725837,-0.5839062378371824,-0.13731299449208587,-0.9541554261132873,0.6099643607756925
FoxNews,5.1401410019e-05,0,1.2216766237777819,2.3295083146905076,-0.5063547710043653,1.2255441033793608,1.3682614892609926,1.196528100725621,-0.26037696319299514,-0.7065116640578437,-0.446261962520715,-0.5542342506928263,0.22714689930250845,-0.07419435419040438,-0.558604571296332,-0.6758123919285056,-0.4490785075420605,-0.9812377169739355
CNN,3.10828654619e-05,1,0.4138408461322666,-0.3918350478229206,-0.5063547710043653,0.22383802493608923,-0.4628691283373618,1.3061151384447247,-0.26037696319299514,0.6282026108482132,-0.9204587905946313,0.07748340675804315,1.1977931984439953,-1.6298298244683291,-1.1658445682767433,0.5900284385851748,-1.0225084105880968,-0.3647921220478921
NYTimes,1.73019197973e-05,1,0.2026177299588978,-0.10242234101593707,-0.5063547710043653,-0.3771856221298738,-0.4628691283373618,0.31983179897279146,-0.26037696319299514,-0.18832847497666905,0.9002780870099342,-0.3655393659997095,0.44947370525111724,0.07256370904336226,-1.1658445682767433,-1.0132816908610327,-0.4302579918562575,0.9216620977930416
HuffPost,2.13035746128e-05,1,0.2026177299588978,-1.2211968344936797,-0.5063547710043653,1.1810238332263265,0.45269618046181537,-0.556864502780038,-0.26037696319299514,0.7381202570169473,-0.7862521411397493,0.020054528807964055,1.853928406243548,-0.6171991881553405,-0.8622245697865376,0.6098367759402514,1.2877862257477672,-1.2501672956181633
HuffPost,1.73502339748e-05,1,-0.242062514616615,-0.10674193365484719,0.3092502292711226,-0.3771856221298738,-0.4628691283373618,-0.556864502780038,-0.26037696319299514,0.4816457492899009,3.105740693051828,-0.5542342506928263,-0.06567377194687866,-0.10354596683715771,0.6179229228532146,-1.827296061438349,-0.7824907436066046,-0.9799661681437695
Daily Caller,0.406191915273666,0,0.4583088705898183,-0.10674193365484719,-0.5063547710043653,1.1810238332263265,0.45269618046181537,2.036695389905416,-0.26037696319299514,-0.7510021398880457,-0.7907256961215787,-0.3655393659997095,-0.9604036007644505,-0.6245370913170288,1.807101250273187,1.179974186967929,-1.3538246638137466,-1.2508060689691665
NYTimes,1.73547523445e-05,1,0.2656140979404288,-0.02466967351555354,-0.5063547710043653,-0.3771856221298738,0.45269618046181537,-0.556864502780038,-0.26037696319299514,0.4476236207138644,-0.5446801721209616,-0.5542342506928263,0.7694074016161883,-1.1235145063118348,2.1866262483859438,-1.3284069284775297,0.007739786993154175,-0.41218131581100853
Breitbart,0.999977707862854,0,-1.3537631260553977,-1.605640579356688,-0.5063547710043653,0.15705761970653773,1.3682614892609926,-0.556864502780038,-0.26037696319299514,-1.5256598366962673,0.8287012073006641,0.22515766434396062,-0.6838507445844737,-0.6025233818319637,-1.1658445682767433,0.7686622106391835,-0.38242064291740246,0.4013819656602261
HuffPost,1.93555479199e-05,1,-0.27170786425498256,1.672930233576156,1.3967235629717734,-0.9114288639662853,-0.4628691283373618,-0.556864502780038,-0.26037696319299514,-0.8373660047349082,-0.7951992511034081,-0.751133260807383,-0.8411062902554409,0.057887902719985604,-0.4573979051329301,-2.039780368099726,-1.165091885677904,0.41835893780308525
Daily Caller,0.999956369400024,0,-0.9683735807566196,1.305764859268789,-0.5063547710043653,-0.9114288639662853,-0.4628691283373618,-0.556864502780038,-0.26037696319299514,-0.8609197860567798,-0.222584213429245,-0.11941560335651355,-1.3942120026153944,-0.31634515852611916,-0.8369229032456872,0.2747757844376116,-0.8371400751046785,-1.521645969794564
HuffPost,0.000503048824612,1,1.277261654349721,-1.0268151657427205,-0.5063547710043653,-0.9114288639662853,-0.4628691283373618,-0.556864502780038,-0.26037696319299514,1.463053304367884,2.8328538391602347,-0.037374349142114946,2.1359038674466615,-0.7199298324189769,-1.1658445682767433,-1.3656492681828338,-1.894221725459454,-0.5163450278662334
FoxNews,0.999901294708252,0,-1.7873263645165227,1.3748783414913524,-0.5063547710043653,0.26835829508912357,0.5671418440617125,-0.556864502780038,-0.26037696319299514,-1.6015553542889645,-0.7459901463032848,-0.5296218744285067,-0.9278679706256298,2.2812725607115483,-0.49535040494420585,-1.0524372060797595,-0.33868940822670257,-1.2179336799507807
NYTimes,1.72981253854e-05,1,0.699177336401554,0.9083623364890504,-0.5063547710043653,0.1793177547830549,-0.4628691283373618,1.2330571132986554,-0.26037696319299514,3.1746280804238864,-0.07048334404704548,-0.3491311151568297,2.1738621026086187,-0.5584959628618338,0.0865879254953549,0.4008074448884325,1.0632274084714446,-1.2381312952852195
Daily Caller,0.0007232988718897,0,-0.12348111606314506,-1.402619725327908,-0.5063547710043653,-0.9114288639662853,-0.4628691283373618,-0.556864502780038,-0.26037696319299514,-0.8452172651755323,-1.6272804777236762,-0.3573352405782696,0.47658673036680116,-0.9547427335930034,0.03598459241365392,1.5792912071317666,-2.1264857749510244,-0.9735175990764978
NYTimes,2.25507919822e-05,1,0.5398335820953286,-1.4155785032446389,-0.5063547710043653,4.052581258097038,-0.4628691283373618,3.9727330562762475,-0.26037696319299514,1.5337146483334987,-0.6073099418665733,-0.751133260807383,-0.21208410757157223,-0.5438201565384572,-0.8495737365161125,0.791078292084315,0.260654413932888,0.1921052637160147
CNN,2.35937295656e-05,1,-0.8349695073839659,-0.6034950871295207,0.751036271087012,0.7580812667725008,2.398272461660067,-0.556864502780038,-0.26037696319299514,-1.0912234256484132,3.4546779816345214,-0.44758062021410805,-0.5428630139829171,0.7329749935953115,1.6679420842985095,-1.589087923374712,0.4353637911397731,0.18998165623954538
Daily Caller,0.999945759773254,0,-0.9387282311182521,0.9342798923225119,-0.5063547710043653,-0.06554373105863369,-0.4628691283373618,0.8312379749952754,-0.26037696319299514,-0.3505878574162287,-0.012327129283263334,-0.1276197287779534,0.5199675705518956,-1.167541925281965,-1.1658445682767433,-1.7468148599966484,0.9158699363095324,-0.6463078872790213
HuffPost,2.01768034457e-05,1,0.3286104659219598,0.21290792162450795,-0.5063547710043653,-0.9114288639662853,-0.4628691283373618,-0.556864502780038,-0.26037696319299514,-2.0412259389639007,1.1329029460650633,0.5205061795157958,-0.515749988867233,-0.6392128976404053,-0.7736687368935611,-1.6507559051553893,0.8232582742387329,0.6165637735638358
Breitbart,0.99997854232788,0,-1.7762093584021352,-1.5624446529675857,-0.5063547710043653,0.1793177547830549,-0.4628691283373618,1.2330571132986554,-0.26037696319299514,-0.27992651345061403,-1.0725596599768308,-0.15223210504227302,-0.6513151144456529,1.2099386991050527,-0.5459537380259069,0.4806417363512717,-1.3668916683148342,2.1192067116174074
FoxNews,0.999972939491272,0,-1.2462987336163152,-0.4307113815731124,-0.5063547710043653,0.15705761970653773,1.3682614892609926,-0.556864502780038,-0.26037696319299514,-0.23805312443395338,0.3231894943539416,-0.3573352405782696,0.12411740386290908,1.011815313739468,-1.1658445682767433,1.1590710110058842,-0.8114016166773267,0.6972833381725468
FoxNews,0.999617934226989,0,-0.03454506714804237,-0.041948044071193985,-0.5063547710043653,-0.15458427136470224,-0.4628691283373618,0.6851219247031372,-0.26037696319299514,0.6151171767805066,-1.15308364964976,0.07748340675804315,2.363653278418407,-1.5124233738813162,-0.3182387391582525,0.40887925147914017,0.4173104888283946,1.1641830467239596
Breitbart,0.999980449676513,0,-0.5792783667530458,-0.5818971239349697,-0.5063547710043653,-0.35492548705335664,-0.4628691283373618,0.35636081154582605,-0.26037696319299514,-0.9525178245307252,0.37239859915406515,0.2579741660297201,-0.49405956877468576,-0.19893870793910587,0.7064787557461913,-0.44673224713588355,0.46515618657973185,0.7464714262801919
Daily Caller,0.999971985816955,0,-0.6682144156681484,-0.7849179779637492,0.6151021043744307,-0.1768444064412194,0.7960331712615069,-0.556864502780038,-0.26037696319299514,-0.5442522816182841,-1.3051845190319595,-0.48039712189986755,0.1674982440480035,-0.044842741543651046,-0.7483670703527106,0.40887925147914017,0.0935546007110143,-0.37057639128662534
Breitbart,0.999967694282531,0,-1.0128416052141709,0.7658157794050137,0.3772173126274133,-0.33266535197683944,0.5289932895284135,-0.556864502780038,-0.26037696319299514,0.31415219322325827,0.6542325630093173,-0.751133260807383,0.05904614358526744,-0.653888703963782,-0.49535040494420585,-1.2084172690590351,0.1019638445582185,-0.6247086358922741
HuffPost,1.78952723217e-05,1,-0.22353417109263535,-0.4911856785178555,-0.5063547710043653,-0.9114288639662853,-0.4628691283373618,-0.556864502780038,-0.26037696319299514,-1.2901220234775512,0.7034416678094408,-0.5542342506928263,-0.049405956877468626,-1.3069620853540431,0.6305737561236399,-0.5385442652292421,0.16413645309679376,0.11494584798923504
CNN,0.0001546701678307,1,-1.2018307091587639,-0.21905134226651238,-0.5063547710043653,1.1810238332263265,1.3301129347276934,-0.556864502780038,-0.26037696319299514,-1.3712517146973313,-0.7907256961215787,-0.751133260807383,-1.0905461213197336,-0.27965564271767734,-0.5712554045667573,1.5166494404912036,-0.5630770596960679,-0.9812377169739355
Daily Caller,2.50200082518e-05,0,-0.4866366491331472,0.5887124812096952,-0.5063547710043653,0.1793177547830549,-0.4628691283373618,1.2330571132986554,-0.26037696319299514,0.14404155034307492,-1.3901820636867182,-0.3491311151568297,-0.6296246943531058,1.2466282149134942,-1.1658445682767433,0.7640387414702821,-1.687900212230435,-0.9546166207758748
Daily Caller,0.999976754188537,0,-0.9646679120518238,0.7658157794050137,1.2268058545810467,-0.33266535197683944,0.5289932895284135,-0.556864502780038,-0.26037696319299514,1.0259998065064893,-0.3299495329931505,-0.11941560335651355,0.14038521893231962,2.1345144974777814,1.0986545871293736,0.2828348870242415,1.2889609568367266,1.4298144879180987
CNN,2.76289629255e-05,1,0.5509505882097169,0.40728959037546675,-0.5063547710043653,-0.9114288639662853,-0.4628691283373618,-0.556864502780038,-0.26037696319299514,-0.743150879447422,3.6470408458531858,-0.751133260807383,-0.5753986441217379,0.7623266062420648,0.023333759143228678,-0.7912051199505957,-0.5630770596960679,0.09957878866732155
NYTimes,1.87773675861e-05,1,0.046979644357468264,0.13083566148521353,-0.5063547710043653,-0.9114288639662853,-0.4628691283373618,-0.556864502780038,-0.26037696319299514,0.952721375727333,0.07267041537149543,-0.751133260807383,1.8864640363823686,-0.9547427335930034,0.3396045909038595,-0.7665368408009801,0.75183260600431,-1.248232768248735
NYTimes,1.62357246153e-05,1,0.8362870784790042,-1.6704344689403408,1.1588387712247559,1.8043076153688067,-0.4628691283373618,1.2330571132986554,1.5336078549788372,3.158925559542639,-1.399129173650377,1.2424692166025038,1.7237858856882646,-0.9327290241079385,-0.5459537380259069,0.23388561927476664,0.39373603095577003,0.7134405904150253
HuffPost,1.90891532838e-05,1,0.29896511628359224,1.297125673990969,-0.5063547710043653,0.11253734955350353,-0.4628691283373618,0.283302786399757,-0.26037696319299514,-0.14907217277354962,0.21135061980820663,-0.5624383761142662,-0.618779484306832,2.384003204975185,-0.5839062378371824,-0.15614720987040373,0.24985054669871487,0.06603620745776527
Breitbart,0.999675154685974,0,0.40642950872267486,-1.756826321718545,-0.5063547710043653,-0.9114288639662853,-0.4628691283373618,-0.556864502780038,-0.26037696319299514,-0.61753071239744,0.1576679600262542,-0.3245187388925101,-0.9549809957413137,-0.8593499924910551,-0.8369229032456872,0.8248909621411618,0.3418233646559481,-0.030623199706560644
NYTimes,1.50158921314e-05,1,0.8918721090509435,-0.14561826740503894,0.343233770949268,0.1793177547830549,-0.4628691283373618,1.2330571132986554,-0.26037696319299514,-0.23543603762041215,1.0389582914466458,-0.14402797962083316,1.6532920203874863,-0.9180532177845617,-0.22968290626527596,-0.3193770764824944,1.67636116484043,-0.38478712682376043
Breitbart,0.999537110328674,0,-1.8243830515644823,-1.165042130187847,-0.5063547710043653,-0.9114288639662853,-0.4628691283373618,-0.556864502780038,-0.26037696319299514,-1.9443937268628733,-0.28968753815668596,4.187750242899414,0.395247655019749,-1.3216378916774196,0.010682925872803572,-1.5027936094201504,-1.5162316207615176,-0.9887433871519998
HuffPost,1.8753011318e-05,1,-0.4162289437420245,1.7204457526041688,-0.5063547710043653,-0.3771856221298738,-0.4628691283373618,-0.556864502780038,-0.26037696319299514,-1.8580298620160107,-0.5804686119755968,-0.5542342506928263,-0.9604036007644505,0.9310983789608963,0.9215429213434202,-0.7863178985284834,0.8172442329733937,-0.7091262673183719
FoxNews,0.999597132205963,0,-1.3945254818081532,0.6103104444042465,-0.5063547710043653,-0.9114288639662853,-0.4628691283373618,-0.556864502780038,-0.26037696319299514,-0.8111951365994954,1.1597442759560395,-0.5460301252713864,-1.0200522560189553,0.35874193234920704,1.0227495875068222,1.025373469704088,-0.2318040393277399,-0.6668913322886689
NYTimes,1.65932979143e-05,1,-0.20130015886385982,0.9299602996836017,2.008427313178389,-0.9114288639662853,-0.4628691283373618,-0.556864502780038,-0.26037696319299514,1.1987275362002134,0.2739803895538185,-0.3409269897353899,-0.21750671259470916,-0.5511580597001454,-0.22968290626527596,-0.43474441556552557,-0.35201043343072747,1.0426179427231208
HuffPost,0.0034376066178083,1,-1.6835676407822366,0.6535063707933485,-0.5063547710043653,-0.3771856221298738,0.45269618046181537,-0.556864502780038,-0.26037696319299514,-0.9106444355140645,-0.19574288353826838,-0.751133260807383,0.015665303400173015,-0.03750483838196255,-1.1658445682767433,0.9683932595472249,-0.8856095487171618,-0.6793999367399746
NYTimes,2.0179342755e-05,1,-0.2272398397974312,0.7787745573217439,1.1588387712247559,-0.9114288639662853,-0.4628691283373618,-0.556864502780038,-0.26037696319299514,-1.5413623575775148,0.1397737400989366,0.4548731761442768,-0.5049047788209594,-1.2849483758689781,-0.5459537380259069,-0.4586025509457478,-0.39207923146505747,0.17110341036416915
NYTimes,2.42311289184e-05,1,0.6917659989919622,0.04876340134591988,-0.5063547710043653,2.3608109922817357,2.360123907126768,1.2330571132986554,-0.26037696319299514,1.8713188472803246,1.1373765010468924,0.8650794472162701,0.03193311846958354,0.8797330568290781,-0.8495737365161125,1.3590122002448104,0.4531065943941988,0.17526249975030866
Daily Caller,0.99961519241333,0,0.16185537420614265,0.35113488606963456,-0.5063547710043653,1.1587636981498095,0.4145476259285164,0.283302786399757,1.458858487555011,-0.9027931750734404,-0.907038125649143,4.778447273243084,-0.8519515003017145,1.0705185390329748,-1.1658445682767433,-0.5818880784221532,-0.4861943152201093,1.155260026735526
CNN,2.12802642636e-05,1,1.1994426115490067,-0.06786559990465542,0.3092502292711226,-0.3771856221298738,-0.4628691283373618,0.31983179897279146,-0.26037696319299514,1.0861928032179382,1.1418500560287217,-0.5542342506928263,-1.3345633473608896,1.312669343368689,1.2378137531040512,-1.3539497509208824,-0.6414172969583002,-0.43058475793869794
HuffPost,4.67857644252e-05,1,-0.8016184890408025,-1.3723825768555369,-0.5063547710043653,-0.9114288639662853,-0.4628691283373618,-0.556864502780038,-0.26037696319299514,-1.4131251037139918,0.3231894943539416,-0.751133260807383,1.398429584300057,-1.1088386999884583,-1.1658445682767433,-1.2631378280246124,-1.0693236913024349,-0.11217301651953705
CNN,2.51567689701e-05,1,-0.7460334584688633,-0.12402030421048839,-0.5063547710043653,-0.9114288639662853,-0.4628691283373618,-0.556864502780038,-0.26037696319299514,1.3819236131481043,1.6160468841026379,0.5943433083087544,1.1923705934208582,1.2026007959433644,-0.4700487384033553,-0.19668171688026242,-2.0636449581580547,0.9806792008748676
Breitbart,0.999948740005493,0,-0.21241716497824742,0.47208347995912,0.241283145914832,-0.9114288639662853,-0.4628691283373618,-0.556864502780038,-0.26037696319299514,-0.9472836509036423,-0.4596826274662031,-0.751133260807383,0.04820093353899407,-1.1895556347670297,0.23839792474045784,-0.02174893354049004,0.6444443524296752,-0.49619422947568775
FoxNews,0.0002524118172004,0,2.2110901679582984,0.2042687363466877,1.906476688143953,0.6690407264664321,0.45269618046181537,1.1599990881525863,-0.26037696319299514,0.3063009327826346,-0.2583726532838802,-0.3655393659997095,-1.4701284729393096,1.9730806279206385,0.9215429213434202,0.6098367759402514,2.4331490374837834,-0.16425259891256078
NYTimes,2.23993192776e-05,1,-0.4532856307899838,1.3014452666298788,-0.5063547710043653,0.20157788985957206,-0.4628691283373618,0.35636081154582605,-0.26037696319299514,0.4580919679680293,-1.1575572046315894,0.27438241687259984,0.34644420981151786,-1.0868249905033933,-1.1658445682767433,-1.393555160225905,0.5387189468724124,0.20495839796734394
FoxNews,0.99972516298294,0,0.41754651483706245,0.8306096689886668,-0.5063547710043653,-0.9114288639662853,-0.4628691283373618,-0.556864502780038,-0.26037696319299514,-0.8504514388026148,0.5781821283182175,-0.38194761684258915,-0.4018752833813602,-1.3436516011624846,3.4137570756171915,-0.2111227574611704,-1.3764721345246604,0.5523532707602804
NYTimes,2.05813284992e-05,1,-0.17536047793028814,2.18264216496756,-0.5063547710043653,-0.9114288639662853,-0.4628691283373618,-0.556864502780038,-0.26037696319299514,0.3272376272909649,-0.638624826739379,-0.751133260807383,0.44947370525111724,2.802263685191419,-0.3055879058878273,1.1264501028454006,0.8229188813908017,-0.22247037328447514
Daily Caller,0.999969363212585,0,0.8140530662502283,0.8176508910719366,0.3092502292711226,0.6690407264664321,0.45269618046181537,0.31983179897279146,-0.26037696319299514,-0.18832847497666905,-1.4170233935776946,-0.16864035588515278,-1.0851235162965969,-0.2723177395559892,4.501728736873762,0.6098367759402514,-0.4302579918562575,-0.707209947265362
Daily Caller,0.999974131584167,0,-0.9794905868710075,-1.5797230235232265,-0.5063547710043653,-0.9114288639662853,-0.4628691283373618,-0.556864502780038,-0.26037696319299514,-0.6724895354818072,1.2492153755926274,0.29079066771547957,-0.8465288952785778,0.7990161220505063,0.12454042530663063,1.634684750071051,0.13309730460321295,-1.22875294727346
FoxNews,2.08458313863e-05,0,-1.327823445121826,0.4332071462089282,-0.5063547710043653,0.7135609966194665,-0.4628691283373618,2.109753415051485,-0.26037696319299514,0.10216816132641428,0.7794921025005406,-0.3491311151568297,0.2759503445107396,2.2812725607115483,-0.5459537380259069,-1.9363822407006257,-0.41125908265684524,-0.15781945497473146
FoxNews,0.0805535838007927,0,0.3471388094459398,0.26906262593034014,0.27526668759297734,0.13479748463002056,-0.4628691283373618,1.1599990881525863,-0.26037696319299514,0.5156678778659378,-0.3791586377932738,-0.751133260807383,0.5470805956675795,1.085194345356351,0.6052720895827894,1.1051797590452292,0.3836638029963346,1.13671333391892
FoxNews,0.999364674091339,0,2.3333772352165645,0.29929977440271166,1.1248552295466105,1.247804238455878,-0.4628691283373618,2.0732244024784503,-0.26037696319299514,0.6465222185430023,-0.5402066171391323,0.24156591518684037,1.170680173328311,0.65225805881674,1.8956570831661634,0.2843318509726377,-0.2863394817830145,-0.9748195667029066
HuffPost,2.27361997531e-05,1,-0.9794905868710075,0.8219704837108466,2.790048771775732,-0.3771856221298738,-0.4628691283373618,0.31983179897279146,-0.26037696319299514,0.5837121350180113,-0.21363710346558598,0.24156591518684037,0.7802526116624616,-1.2922862790306664,-1.1658445682767433,-0.7310002183738531,1.8953264997990449,-0.13146531942265738
CNN,2.18406821659e-05,1,1.1253292374530874,1.405115489963724,-0.5063547710043653,0.1793177547830549,-0.4628691283373618,-0.556864502780038,1.5336078549788372,-0.13860382551938422,-0.4104735226660797,0.24977004060828023,0.9483533673797027,0.5054999955829734,-0.8622245697865376,-0.26234495441320965,0.8268811906636351,0.6972833381725468
CNN,0.0004377682344056,1,-0.7052711027161077,-0.20609256434978204,0.6830691877307212,-0.1323241362881852,-0.4628691283373618,0.7216509372761716,-0.26037696319299514,0.6753101734919563,0.13082663013527757,0.6763845625231532,0.4711641253436645,-0.2136145142624825,-0.7230654038118601,-0.31685715839266193,-1.0782400670079482,-0.7250580261904541
Breitbart,0.999912738800048,0,1.2661446482353336,-0.8842686086586836,0.343233770949268,-0.35492548705335664,-0.4628691283373618,0.35636081154582605,-0.26037696319299514,-0.22758477717978798,-0.4999446223026676,-0.751133260807383,-0.0819415870162892,-1.2776104727072897,0.0865879254953549,1.390402941021491,-0.5924232216367034,2.4672090052329465
Breitbart,0.984968602657318,0,0.22114607348287776,-0.44798975212875325,-0.5063547710043653,-0.9114288639662853,-0.4628691283373618,-0.556864502780038,-0.26037696319299514,-0.41078085412767845,1.0031698515920107,-0.751133260807383,0.33017639474210736,1.415399987632326,2.376388747442322,0.3376367846133278,-0.3669429047478685,-0.4492208966505218
Daily Caller,0.027338907122612,0,0.08033066270063202,0.0574025866237401,1.6006248130406453,0.46869951077777783,-0.4628691283373618,1.7079342767481047,-0.26037696319299514,0.04459225142850577,1.2492153755926274,-0.2424774846781115,-1.5297771281938144,0.2560112880855704,-1.1658445682767433,-0.2969691894682902,1.0897265641491085,0.9575808146840729
CNN,2.55123395618e-05,1,0.05809665047185618,-0.47822690060112477,-0.5063547710043653,0.22383802493608923,0.49084473499511444,-0.556864502780038,1.6083572224026637,-1.072903817953624,0.6810738929002939,-0.5460301252713864,-0.2934231829186244,0.9824637010927147,0.7697329220983176,0.5641558500844258,0.6474113070664335,0.20065265141432181
HuffPost,2.03981380764e-05,1,-0.8646148570223334,-0.03330885879337376,-0.5063547710043653,-0.3994457572063909,-0.4628691283373618,-0.556864502780038,-0.26037696319299514,-1.2587169817150556,0.7705449925368816,2.702803541618799,0.8019430317550088,-0.11822177316053437,0.010682925872803572,-0.22664350201074418,0.09960611263844175,0.09200297203899477
CNN,1.7479462258e-05,1,0.8733437655269635,-0.80219634851939,0.343233770949268,1.270064373532395,-0.4628691283373618,2.1462824276245196,-0.26037696319299514,0.8428037295585988,0.6944945578457818,-0.5460301252713864,-0.09820940208569973,-0.5584959628618338,0.07393709222492965,1.3590122002448104,-0.26281551692187677,0.45808057800778745
HuffPost,3.42480998369e-05,1,-0.2642965268453908,-0.5343816049069574,-0.5063547710043653,-0.9114288639662853,-0.4628691283373618,-0.556864502780038,-0.26037696319299514,-0.4291004618224675,0.5423936884635823,-0.751133260807383,0.5145449655287584,-0.763957251389107,1.2757662529153266,0.5751116741660353,1.0742064937042397,-0.9655737096458014
HuffPost,0.001266683335416,1,0.6398866371248189,-2.175826807692834,-0.5063547710043653,-0.9114288639662853,-0.4628691283373618,-0.556864502780038,-0.26037696319299514,-0.1281354782652193,-0.33889664295680927,1.135815586123785,1.3767391642075097,-1.4390443422644328,-1.1658445682767433,-1.3615369940827644,-1.8340953998039649,2.0065366463217225
FoxNews,0.0001290994550799,0,-0.4088176063324324,0.7139806677380915,0.3092502292711226,1.1810238332263265,0.45269618046181537,-0.556864502780038,1.5336078549788372,0.6753101734919563,0.6900210028639525,0.7994464438447509,2.623938319528973,-0.7933088640358603,0.9215429213434202,0.09026710799592479,1.5189798303389261,-0.9887433871519998
Daily Caller,2.70739328698e-05,0,0.4694258767042059,2.5886838730251194,1.0568881461903201,1.1365035630732925,0.4145476259285164,0.283302786399757,-0.26037696319299514,-0.20926516948499935,-1.1262423197587836,-0.5624383761142662,0.503699755482485,-0.8226604766826134,-0.0019679073976216735,0.9739057128286841,0.9196903152174338,0.3306499036664867
Daily Caller,0.9999281167984,0,-1.6131599353911137,1.5951775660757725,-0.5063547710043653,-0.2881450818238051,0.6052903985950117,-0.556864502780038,-0.26037696319299514,0.7407373438304885,-0.7862521411397493,0.8732835726377097,-0.8302610802091673,0.28536290073232373,-1.1658445682767433,-0.3616695827805499,-0.036681478928272164,1.7391743659219763
Breitbart,0.999965667724609,0,2.7706461423824855,0.1437944394019446,-0.5063547710043653,-0.35492548705335664,-0.4628691283373618,0.35636081154582605,-0.26037696319299514,-0.25898981894228373,1.128429391083234,-0.14402797962083316,-0.6350472993762426,-0.022829032058585885,-0.22968290626527596,0.9872004530957319,-0.6301350315513663,-0.39314638302207516
HuffPost,2.32041202252e-05,1,0.7325283547447174,1.7334045305208992,-0.5063547710043653,-0.9114288639662853,-0.4628691283373618,-0.556864502780038,-0.26037696319299514,0.3324718009180474,-0.28074042819302714,-0.751133260807383,-0.049405956877468626,-0.4410895122748206,-0.01461874066804692,0.12912224744509757,-1.6259050245953182,-0.4688384284763275
CNN,1.71133488038e-05,1,0.15444403679655058,-0.7590004221302877,-0.5063547710043653,0.11253734955350353,-0.4628691283373618,1.123470075579552,-0.26037696319299514,0.0027188624118451203,-0.8086199160488964,-0.17684448130659264,-0.22835192264098275,0.21198386911544043,-0.5839062378371824,1.8079424522963867,-0.044661370086197305,-0.7204374464711729
CNN,2.90269272227e-05,1,0.2174404047780819,0.28202140384707125,-0.5063547710043653,0.29061843016564076,1.597152816460787,-0.556864502780038,-0.26037696319299514,-1.5073402290014781,-1.0904538799041485,-0.751133260807383,-0.9061775505330826,-0.426413705951444,-0.4826995716737806,-1.0379491447637879,-0.5642898102508975,-1.521645969794564
NYTimes,2.05570249818e-05,1,0.7028830051063498,-0.8324334969917615,1.0908716878684652,0.13479748463002056,-0.4628691283373618,0.283302786399757,-0.26037696319299514,-0.5180814134828713,0.8823838670826165,-0.3655393659997095,0.30306336962642344,-0.2869935458793658,-0.5712554045667573,-1.9472943248182788,0.6788931150590652,-0.17378932048784404
Daily Caller,0.999775826930999,0,-0.02342806103365445,-0.46526812268439405,1.0568881461903201,0.11253734955350353,-0.4628691283373618,1.123470075579552,-0.26037696319299514,-0.3689074651110178,-0.08390400899253339,-0.751133260807383,-1.4863962880087198,-1.3216378916774196,-0.5839062378371824,-0.023522943248080325,0.39482744104246564,-0.7222920958307177
FoxNews,0.0001065067044692,0,-0.4903423178379431,-1.3421454283831653,-0.5063547710043653,0.8026015369255352,2.4745695707266653,-0.556864502780038,-0.26037696319299514,1.2929426614877007,-0.6744132665940142,1.7757373689960947,-0.27715536784921385,0.2560112880855704,-0.19173040645400022,2.0099313312726568,0.7509520529188246,-1.521645969794564
HuffPost,3.3548581996e-05,1,-0.2754135329597784,1.3878371194080827,-0.5063547710043653,-0.9114288639662853,-0.4628691283373618,-0.556864502780038,-0.26037696319299514,0.2591933701388915,1.347633585192874,-0.751133260807383,0.9646211824491127,0.5715411240381681,-0.052571240479322656,-0.9997218039203372,-0.32108013319370177,-0.17536576101334928
NYTimes,4.16254151787e-05,1,-0.053073410672022016,1.4007958973248138,-0.5063547710043653,0.40191910554822635,-0.4628691283373618,1.598347239029001,-0.26037696319299514,-0.8033438761588717,1.3565806951565331,-0.751133260807383,-0.6133568792836954,2.3032862701966135,1.060702087318098,-0.9942421780539795,2.539288230594805,-0.17141772521047166
NYTimes,2.3659049475e-05,1,1.1253292374530874,0.5584753327373237,-0.5063547710043653,1.8043076153688067,4.191254524725123,-0.556864502780038,-0.26037696319299514,0.5025824437982312,2.4302338907955887,-0.5542342506928263,-0.1090546121319731,-0.2136145142624825,-0.8622245697865376,-1.1856281854148543,0.9041316897872919,-0.11447044594622814
FoxNews,0.0016615896020084,0,1.4699564269991099,0.5368773695427732,-0.5063547710043653,0.1793177547830549,0.45269618046181537,0.31983179897279146,-0.26037696319299514,0.6125000899669653,-1.2917638540864713,-0.5542342506928263,-0.515749988867233,1.3860483749855725,-0.8622245697865376,2.0117485060000253,0.2644475392330211,-0.6855179466653106
FoxNews,0.999598562717437,0,-0.26059085814059496,0.014206660234638227,-0.5063547710043653,1.3145846436854294,-0.4628691283373618,2.1828114401975545,-0.26037696319299514,0.138807376715992,-1.3812349537230595,3.1540304397979915,-0.5970890642142851,3.14714513379077,-0.2170320729948507,-0.804881295123584,-0.6019210108003964,2.1731452698605476
CNN,2.95386071229e-05,1,0.24338008571165362,-0.5646187533793289,1.1248552295466105,-0.9114288639662853,-0.4628691283373618,-0.556864502780038,-0.26037696319299514,1.4211799153512232,-1.408076283614036,1.2096527149167442,0.7477169815236411,0.4541346734511552,-1.1658445682767433,-2.1660270509566386,0.18605628303026558,-1.521645969794564
HuffPost,0.969806730747222,1,0.591712943962472,-0.2492884907388839,-0.5063547710043653,-0.3994457572063909,-0.4628691283373618,0.283302786399757,-0.26037696319299514,0.49734827017114874,1.0702731763194517,-0.3655393659997095,0.4115154700891595,-1.1528661189585883,-1.1658445682767433,0.3326663799482713,-1.7285134207868025,0.3521882277764989
HuffPost,2.11687747651e-05,1,-0.6089237163914133,0.7355786309326421,-0.5063547710043653,-0.9114288639662853,-0.4628691283373618,-0.556864502780038,-0.26037696319299514,-1.3032074575452577,1.311845145338239,-0.5542342506928263,-0.7868802400240729,-0.044842741543651046,0.06128625895450441,-1.6751358229547604,-0.19562541585985038,-0.1247168696635706
FoxNews,0.0067023620940744,0,1.2883786604641088,-2.0894349549146303,-0.5063547710043653,-0.9114288639662853,-0.4628691283373618,-0.556864502780038,-0.26037696319299514,-0.08887917606209987,-1.0725596599768308,1.4475723521385002,0.01024269837703633,-0.22095241742417068,-0.5459537380259069,-0.004742061003924139,1.1009697671345142,0.7134405904150253
FoxNews,0.999346554279327,0,-0.8386751760887617,-0.9663408687979776,-0.5063547710043653,-0.9114288639662853,-0.4628691283373618,-0.556864502780038,-0.26037696319299514,0.20685163386806543,-0.8086199160488964,-0.1850486067280325,2.721545209945436,-0.47777902808326217,-0.7230654038118601,0.8738041390532632,-2.2545157850814763,-1.521645969794564
Breitbart,0.999976992607116,0,-1.220359052682744,-0.16289663796068016,0.343233770949268,1.826567750445324,-0.4628691283373618,2.1462824276245196,-0.26037696319299514,1.4211799153512232,-1.1709778695770778,-0.14402797962083316,-0.9007549455099456,1.0631806358712859,1.3263695859970277,-0.33190236959239994,-0.9787376282379515,0.7408986562652663
FoxNews,0.999953031539917,0,0.3619614842651232,-1.0570523142150918,-0.5063547710043653,-0.3771856221298738,-0.4628691283373618,-0.556864502780038,-0.26037696319299514,-0.4919105453474585,-0.9696678953947547,-0.1604362304637129,1.170680173328311,0.3000387070557004,-0.25498457280612646,1.0312233009752,-1.2870774798664695,-0.6915477160628775
HuffPost,2.01640305022e-05,1,0.44348619577063414,-0.7503612368524675,0.3092502292711226,-0.9114288639662853,-0.4628691283373618,-0.556864502780038,-0.26037696319299514,-0.9394323904630185,0.5334465784999237,-0.5542342506928263,0.37897983995033846,-0.41173789962806734,0.6685262559349157,0.2114603673931551,0.47582058909057173,-0.13481515231511973
HuffPost,2.82535675069e-05,1,-0.25688518943579874,1.0422697082952668,-0.5063547710043653,-0.3771856221298738,0.45269618046181537,-0.556864502780038,-0.26037696319299514,-0.9289640432088536,-1.4036027286322064,-0.751133260807383,-0.6567377194687899,-0.22829032058585919,-0.558604571296332,0.8214990595736259,0.38203442353715444,1.5441567816793649
CNN,1.94209296751e-05,1,0.6213582936008395,-0.31840197296144723,-0.5063547710043653,3.7854596371788323,-0.4628691283373618,7.1507571501302545,-0.26037696319299514,-1.3084416311723401,0.46634325377248254,-0.17684448130659264,-1.6002709934945927,0.5788790271998567,-0.28028623934697694,-0.11821536351407101,0.9946374221845626,-1.521645969794564
FoxNews,0.999588072299957,0,1.2142652863681902,0.47208347995912,0.27526668759297734,-0.3994457572063909,0.4145476259285164,-0.556864502780038,-0.26037696319299514,-0.6463186673463944,-0.5894157219392557,-0.751133260807383,0.4223606801354329,1.085194345356351,0.010682925872803572,1.3713998527710902,1.107838781666165,-0.18007303447062611
HuffPost,0.0002040746767306,1,-0.823852501269578,0.5627949253762338,-0.5063547710043653,1.7375272101392552,3.1612435523260483,-0.556864502780038,-0.26037696319299514,1.347901484572067,0.2963481644629654,-0.751133260807383,-0.5537082240291907,0.27068709440894706,0.3396045909038595,-0.40454309096965463,-0.38242064291740246,-1.2469276933010225
Breitbart,0.999595701694488,0,1.3328466849216605,-2.4695591071387284,-0.5063547710043653,-0.9114288639662853,-0.4628691283373618,-0.556864502780038,-0.26037696319299514,-0.853068525616156,0.6005499032273645,-0.751133260807383,-1.07970091127346,-2.004062885714434,-1.1658445682767433,0.823380876880228,-2.5195265199834176,1.6631315201483492
Daily Caller,0.0008390374132432,0,-0.8794375318415173,1.7852396421878214,-0.5063547710043653,-0.9114288639662853,-0.4628691283373618,-0.556864502780038,-0.26037696319299514,-0.5416351948047429,-0.638624826739379,-0.5542342506928263,-0.7868802400240729,0.8430435410206363,0.06128625895450441,-0.3626835814219605,-0.07775312649672578,-0.6834885097159679
Daily Caller,0.999955296516418,0,-1.6242769415055016,-1.2643927608827819,-0.5063547710043653,-0.9114288639662853,-0.4628691283373618,-0.556864502780038,-0.26037696319299514,-0.4291004618224675,-0.6699397116121849,-0.751133260807383,0.14580782395545627,0.03587419323492044,-0.7736687368935611,-2.4131140193721934,0.05758172425352741,2.0310379144891972
HuffPost,2.23307033593e-05,1,-0.5236933361811068,1.0681872641287282,0.27526668759297734,1.6930069399862209,-0.4628691283373618,-0.556864502780038,1.458858487555011,-0.04177161341835676,0.7615978825732229,0.011850403386524277,-1.2261112468981537,2.442706430268691,1.490830418512556,-1.9515879374035001,0.6550333437397583,-0.18007303447062611
Daily Caller,0.0003455702972132,0,-1.4538161810848882,0.7183002603770017,-0.5063547710043653,3.0508751796537674,5.335711160724094,-0.556864502780038,-0.26037696319299514,-0.48144219809329314,-0.007853574301433632,0.9143041997449088,-0.5753986441217379,0.23399757860050524,-0.8495737365161125,-0.372979699606574,-0.49479366297437843,-0.3530474129337126
NYTimes,1.77673937287e-05,1,0.18408938643491815,-0.8497118675474024,-0.5063547710043653,0.6913008615429492,0.45269618046181537,-0.556864502780038,-0.26037696319299514,0.5837121350180113,0.4350283688996766,0.4384649253013971,1.3008226938835943,-0.22829032058585919,-0.8622245697865376,-0.493525328821146,0.8396007776771521,-0.68753757957142
Breitbart,0.99996531009674,0,-1.8799680821364213,1.7204457526041688,-0.5063547710043653,-0.3771856221298738,-0.4628691283373618,-0.556864502780038,1.5336078549788372,-0.6384674069057703,-1.1933456444862247,-0.3573352405782696,-0.1524354523170675,-0.4190758027897555,1.5667354181351076,-0.2748434161395167,-0.013587635644378041,-1.2456100996487751
FoxNews,0.999952912330627,0,-1.7687980209925431,-0.9145057571310552,-0.5063547710043653,-0.9114288639662853,-0.4628691283373618,-0.556864502780038,-0.26037696319299514,-0.4500371563307979,-0.7370430363396259,0.052871030493723534,1.0893410979812592,-0.022829032058585885,-0.22968290626527596,-0.46449416872912797,-0.7581846061699188,-0.6773406554855624
Breitbart,0.999979376792907,0,1.2735559856449252,-0.21041215698869215,8.159448356922693,-0.9114288639662853,-0.4628691283373618,-0.556864502780038,-0.26037696319299514,3.8001118288602544,-1.564650707978065,0.4384649253013971,1.7780119359196325,-0.13289757948391104,0.21309625819960737,0.34929464282773376,0.1524193076414471,0.9897785651318478
NYTimes,2.38091161008e-05,1,-0.34211556964610557,1.9968996814944213,-0.5063547710043653,-0.9114288639662853,-0.4628691283373618,-0.556864502780038,-0.26037696319299514,0.02888973054725791,0.7705449925368816,-0.5542342506928263,-0.6513151144456529,-0.4043999964663788,-0.8622245697865376,0.11457177913542146,-1.492220598854214,-0.6834885097159679
HuffPost,3.07355985569e-05,1,0.7288226860399215,-0.007391302959912328,-0.5063547710043653,1.7820474802922894,2.321975352593469,0.31983179897279146,-0.26037696319299514,-0.42124920138184335,-0.4283677425933974,-0.751133260807383,-0.6567377194687899,-0.9400669272696267,2.8191679119072055,0.22637433636042575,-1.0290081881124464,-0.4068086056222263
FoxNews,0.999980807304382,0,-0.6496860721441688,1.1675378948236623,-0.5063547710043653,0.7580812667725008,2.398272461660067,-0.556864502780038,-0.26037696319299514,-1.1880556377494407,-0.8265141359762138,-0.3409269897353899,1.143567148212627,-0.1769249984540407,-0.2170320729948507,-0.06277062841660826,-0.7033829700394613,-0.09351994186908162
NYTimes,2.53914859058e-05,1,-0.6830370904873322,-0.5214228269902267,-0.5063547710043653,-0.9114288639662853,-0.4628691283373618,-0.556864502780038,-0.26037696319299514,-0.018217832096485205,-0.2673197632475388,0.2087494135010809,0.688068326269136,-0.6245370913170288,-0.5712554045667573,-0.6758123919285056,0.46290990968999773,-0.9812377169739355
HuffPost,1.67331872944e-05,1,-0.8720261944319252,0.6405475928766181,-0.5063547710043653,1.3591049138384639,-0.4628691283373618,1.3061151384447247,1.68310658982649,0.47902866247635967,-1.0233505551767075,0.504097928672916,-0.14701284729393083,0.2486733849238819,-0.5206520714850563,-0.7418769308724505,0.9980939522450696,-0.935859924752356
NYTimes,1.68229053087e-05,1,0.3249047972171639,0.8176508910719366,-0.5063547710043653,0.22383802493608923,0.49084473499511444,-0.556864502780038,-0.26037696319299514,0.9710409834221221,-0.3523173079022976,-0.751133260807383,0.7910978217087354,-0.33102096484949584,-0.5206520714850563,-0.13039916859371609,-1.2424507097480502,-0.6474159101682815
Daily Caller,0.999980807304382,0,-0.016016723624062725,-0.054906821987925084,-0.5063547710043653,-0.9114288639662853,-0.4628691283373618,-0.556864502780038,-0.26037696319299514,0.7956961669148553,-0.38810574775693263,0.011850403386524277,0.15123042897859296,0.27068709440894706,-0.38149290551037873,-0.12885800616435808,-0.37954997882893593,-0.452541098115364
FoxNews,0.999850392341613,0,-0.4606969681995755,1.1804966727403934,2.0424108548565343,1.3145846436854294,-0.4628691283373618,-0.556864502780038,5.345825593593981,-0.7248312717526328,-0.2673197632475388,0.06927928133660327,-0.47236914868213853,1.2906556338836244,2.3004837478197713,-0.4165384568963283,2.7062081018278312,0.7747521918172835
HuffPost,1.92543629964e-05,1,0.4286635209514507,0.16539240259649518,-0.5063547710043653,-0.3771856221298738,-0.4628691283373618,0.31983179897279146,-0.26037696319299514,0.6177342635940478,-0.6565190466666966,2.989947931369194,-0.022292931761784245,0.28536290073232373,1.2631154196449015,-1.1000259460241026,0.21933026947603995,-0.4175024892114095
HuffPost,2.32327729463e-05,1,0.8399927471838,0.24314507009687947,1.8724931464658077,-0.3994457572063909,-0.4628691283373618,-0.556864502780038,-0.26037696319299514,0.6700759998648738,0.7481772176277347,0.200545288079641,-0.9820940208569978,1.2319524085901177,-0.8748754030569629,-0.35908478809989225,0.8567471351130065,0.6149100924011457
HuffPost,3.35236982209e-05,1,-0.4532856307899838,-0.06786559990465542,-0.5063547710043653,0.023496809247434858,-0.4628691283373618,-0.556864502780038,-0.26037696319299514,-0.3924612464328894,0.37239859915406515,-0.07019085082787442,-0.5591308290523274,0.1386048374985571,0.415509590526411,-0.6152312097169085,-0.39207923146505747,-0.5624213210379484
Daily Caller,0.999979734420776,0,-0.9869019242805995,-0.6207734576851615,-0.5063547710043653,-0.19910454151773657,0.7578846167282078,-0.556864502780038,-0.26037696319299514,2.030961142906344,-1.7659606821603877,0.29899479313691946,-0.27715536784921385,-0.36037257749624885,1.2631154196449015,-0.6624978463874952,-1.170338577901068,1.0608819307040163
CNN,1.83846841537e-05,1,-0.41993461244682034,0.33817610815290344,-0.5063547710043653,-0.9114288639662853,-0.4628691283373618,-0.556864502780038,-0.26037696319299514,-1.1671189432411109,1.6563088789391025,-0.751133260807383,0.015665303400173015,0.3220524165407652,-0.2423337395357012,0.12912224744509757,2.194019630935972,-0.3986512590551117
FoxNews,0.999716818332672,0,0.19520639254930608,-1.3637433915777164,-0.5063547710043653,-0.9114288639662853,-0.4628691283373618,-0.556864502780038,-0.26037696319299514,-0.8949419146328167,0.3321366043176006,1.4393682267170602,-0.19581629250216195,0.43945886712777854,-1.1658445682767433,0.8417108426261491,1.364143746530168,-1.521645969794564
HuffPost,0.0001254783273907,1,-1.3463517886458058,0.42024836829219786,-0.5063547710043653,-0.9114288639662853,-0.4628691283373618,-0.556864502780038,-0.26037696319299514,0.27751297783368056,-0.6788868215758438,-0.5378259998499465,0.8236334518475561,-0.6905782197722237,0.45346209033768675,0.023331783734745107,0.7774992646111587,-1.227254773245219
CNN,2.52596619247e-05,1,0.40642950872267486,-0.27088645393343486,0.3092502292711226,-0.9114288639662853,-0.4628691283373618,-0.556864502780038,-0.26037696319299514,-1.2796536762233859,1.1418500560287217,0.4220566744585173,-0.6838507445844737,-0.25764193323261253,1.541433751594257,1.2858639844470234,-1.0190712683120966,1.1803952943085778
HuffPost,2.38167012867e-05,1,0.6250639623056354,-0.439350566850933,-0.5063547710043653,0.15705761970653773,-0.4628691283373618,-0.556864502780038,-0.26037696319299514,0.6988639548138278,2.7970653993055996,-0.3573352405782696,-1.188153011736196,0.4688104797745319,0.9721462544251213,0.922168350102702,-0.3433208145799092,0.6972833381725468
Daily Caller,4.93104926135e-05,0,2.8521708538879964,0.3079389596805319,0.27526668759297734,0.6245204563133978,-0.4628691283373618,1.9636373647593468,-0.26037696319299514,-0.6306161464651466,-0.30310820310217407,-0.5624383761142662,-0.49405956877468576,-0.31634515852611916,-0.0019679073976216735,1.6519374664481363,0.6964103923778608,-0.19857748875095643
Breitbart,0.999914526939392,0,0.16185537420614265,0.1913099584299566,1.2268058545810467,-0.33266535197683944,-0.4628691283373618,-0.556864502780038,-0.26037696319299514,1.936746017618857,0.45739614380882393,-0.751133260807383,0.8182108468244194,-1.0648112810183283,0.7697329220983176,-0.23484732412980486,1.3836227059134332,1.1211158175961116
HuffPost,3.21040279231e-05,1,3.2931454297587135,-0.3831958625451004,-0.5063547710043653,-0.3994457572063909,-0.4628691283373618,0.283302786399757,-0.26037696319299514,-0.3217999024672747,-0.6073099418665733,-0.37374349142114927,-1.1176591464354177,-0.14757338580728768,0.2890012578221585,2.1154153932694215,0.8201403957025546,-0.19552894386375896
Breitbart,0.999979138374328,0,-0.12348111606314506,-0.15425745268285918,-0.5063547710043653,-0.9114288639662853,-0.4628691283373618,-0.556864502780038,-0.26037696319299514,-1.0153279080557163,-0.07048334404704548,-0.5460301252713864,-0.895332340486809,0.8870709599907664,0.7064787557461913,0.5218845437490486,-0.3721435240686669,-0.9546166207758748
Daily Caller,5.48342068213e-05,0,0.10627034363420339,-0.1283398968493985,-0.5063547710043653,-0.9114288639662853,-0.4628691283373618,-0.556864502780038,-0.26037696319299514,-0.06532539474022832,-1.085980324922319,-0.045578474563554815,-1.1935756167593328,-0.741943541904042,1.5667354181351076,0.3099996207429699,0.7940953586201732,-1.025495289403211
Daily Caller,0.999956011772155,0,0.5250109072761451,-0.3054431950447165,2.008427313178389,2.383071127358252,5.183116942590898,-0.556864502780038,-0.26037696319299514,0.2487250228847261,-0.8936174607036549,-0.14402797962083316,-1.562312758332635,-0.10354596683715771,1.642640417757659,-0.13731299449208587,0.5971748711158282,-1.521645969794564
HuffPost,2.47165626205e-05,1,0.02103996342389689,0.6016712591264264,2.6880981467412957,0.6690407264664321,-0.4628691283373618,-0.556864502780038,5.046828123898675,1.4054773944699759,-0.7907256961215787,0.020054528807964055,2.2280881528399874,-1.3142999885157314,0.023333759143228678,-0.5549894178818466,0.47444388084910866,0.37423333598321745
NYTimes,1.58779967023e-05,1,1.7738212607923773,2.7441892080258867,-0.5063547710043653,0.5354799160073294,-0.4628691283373618,-0.556864502780038,-0.26037696319299514,0.20946872068160713,-0.8980910156854842,-0.2178651084137919,-2.0123889752529895,-0.11088386999884588,-0.343540405699103,-0.3311231462883273,0.8872787135149153,-0.03639490075206256
Breitbart,0.972077310085296,0,-0.14571512829192057,-0.7978767558804799,-0.5063547710043653,-0.9114288639662853,-0.4628691283373618,-0.556864502780038,-0.26037696319299514,-0.5573377156859907,-0.4686297374298619,-0.751133260807383,-0.6838507445844737,-0.7052540260956003,0.5167162566898129,-0.9106825463097507,-0.35626552702729347,0.006322497251372328
CNN,2.44829243456e-05,1,0.18408938643491815,-2.115352510748092,-0.5063547710043653,-0.021023460905599357,-0.4628691283373618,0.9042960001413446,-0.26037696319299514,-1.7716659971691482,-0.0928511189561924,-0.751133260807383,-1.0688557012271864,-0.5438201565384572,0.3522554241742848,1.1959121728392534,0.14963829786520555,0.29106202785573293
FoxNews,0.746054053306579,0,-1.1833023656347843,-0.6898869399077248,1.1248552295466105,0.15705761970653773,0.45269618046181537,-0.556864502780038,-0.26037696319299514,-0.6018281915161926,-0.8846703507399961,-0.3573352405782696,0.5958840408758106,-0.785970960874172,1.541433751594257,-0.18272090092674803,-1.2091591153717478,0.6656596425720653
NYTimes,1.51383401316e-05,1,-1.0461926235573344,-1.7654655069963652,-0.5063547710043653,0.1793177547830549,-0.4628691283373618,1.2330571132986554,-0.26037696319299514,0.24610793607118486,-0.19126932855643908,0.052871030493723534,1.4797686596471087,-1.644505630791706,-0.2423337395357012,-0.10392716038626516,0.3104472983740028,1.5741401826717742
Breitbart,0.999981880187988,0,-0.29764754518855424,-0.14561826740503894,0.343233770949268,0.1793177547830549,-0.4628691283373618,-0.556864502780038,-0.26037696319299514,1.0574048482689842,-0.17337510862912145,1.6772878639388162,0.44947370525111724,-0.7346056387423536,0.39020792398556053,1.0157595247805018,-1.4412881281417533,-0.10057241608105957
FoxNews,0.0054435902275145,0,-1.4982842055424395,0.2517842553746997,1.1588387712247559,2.9173143691946644,-0.4628691283373618,0.35636081154582605,3.4023420405744957,-0.834748917921367,0.0324084205350309,-0.14402797962083316,-0.3693396532425394,2.8536290073232378,0.39020792398556053,-0.8833000287758264,1.6746522395930439,0.11883323948040803
CNN,2.53288217209e-05,1,1.4773677644087024,0.6103104444042465,1.260789396259192,0.2460981600126064,-0.4628691283373618,1.3426441510177594,-0.26037696319299514,0.3429401481722128,-0.6520454916848674,0.9553248268521084,0.17834345409427735,0.29270080389401193,1.4655287519717057,0.12607920534175432,0.24475024389273492,-0.9373466913641383
Daily Caller,0.999974966049194,0,-0.9535509059374359,-1.3291866504664347,-0.5063547710043653,-0.9114288639662853,-0.4628691283373618,-0.556864502780038,-0.26037696319299514,-0.3689074651110178,0.1397737400989366,-0.3245187388925101,0.42778328515857006,0.6449201556550516,-0.8369229032456872,-0.8411689815684079,1.0681599546313765,-0.3349763012296789
FoxNews,0.999384999275207,0,0.44719186447543,-0.8237943117139409,0.3772173126274133,0.26835829508912357,-0.4628691283373618,-0.556864502780038,-0.26037696319299514,0.6569905657971672,-0.8757232407763373,0.7584258167375518,-0.3693396532425394,-0.07419435419040438,-0.8369229032456872,0.4862923257112823,1.2968048305645863,2.1037700255060297
HuffPost,6.70561930746e-05,1,-0.9869019242805995,0.68374351926572,0.27526668759297734,0.11253734955350353,0.4145476259285164,-0.556864502780038,-0.26037696319299514,-0.10196461012980651,0.6094970131910235,-0.5624383761142662,-0.5049047788209594,0.5128378987446619,0.567319589771514,0.05641652066933317,1.4508104062740377,-0.20463272207381053
HuffPost,0.0042192810215055,1,0.00621728860471311,-0.9879388319925286,2.1443614798909705,-0.33266535197683944,-0.4628691283373618,-0.556864502780038,1.68310658982649,-0.6306161464651466,-0.78177858615792,-0.11121147793507367,-0.5428630139829171,-0.48511693124495064,-0.8369229032456872,3.101734045569835,-0.7999112610702841,3.5347320236511606
HuffPost,0.0001674815575825,1,-1.335234782531418,0.8306096689886668,0.3092502292711226,-0.3771856221298738,-0.4628691283373618,0.31983179897279146,-0.26037696319299514,1.2248984043356268,-0.5357330621573029,0.4384649253013971,2.4937957989736903,-1.6518435339533943,-0.8622245697865376,-1.9160746672070947,1.5579032665784887,1.822866122722449
HuffPost,1.46271340781e-05,1,0.9548684770324745,-1.186640093382398,-0.5063547710043653,1.2255441033793608,-0.4628691283373618,0.31983179897279146,1.5336078549788372,0.41883566576490994,0.5155523585726061,2.3910467756040843,-1.5840031784251822,1.6795645014531053,-0.8622245697865376,0.8949642167932452,0.32436621472771116,0.9567335054617631
HuffPost,3.72248869098e-05,1,0.9548684770324745,1.5217444912142992,0.343233770949268,-0.9114288639662853,-0.4628691283373618,-0.556864502780038,-0.26037696319299514,0.5758608745773871,0.5781821283182175,-0.5460301252713864,-0.9007549455099456,-1.1015007968267698,-0.5459537380259069,0.7462332857554856,0.4411160688370255,0.7353532037504136
